{
    "view_matrix": [
        -0.999902069568634,
        -0.009829660877585411,
        0.009967868216335773,
        0.0,
        0.01399930939078331,
        -0.702084481716156,
        0.7119560241699219,
        0.0,
        0.0,
        0.7120258212089539,
        0.7021532654762268,
        0.0,
        -0.13282795250415802,
        -2.009906768798828,
        -15.923460006713867,
        1.0
    ],
    "proj_matrix": [
        0.7499999403953552,
        0.0,
        0.0,
        0.0,
        0.0,
        1.0,
        0.0,
        0.0,
        0.0,
        0.0,
        -1.0000200271606445,
        -1.0,
        0.0,
        0.0,
        -0.02000020071864128,
        0.0
    ],
    "cam_forward": [
        -0.009967868216335773,
        -0.7119560241699219,
        -0.7021532654762268
    ],
    "cam_horiz": [
        -26664.0546875,
        373.31488037109375,
        0.0
    ],
    "cam_vert": [
        -196.59320068359375,
        -14041.689453125,
        14240.515625
    ],
    "cam_dist": 9.200004577636719,
    "cam_tgt": [
        -0.08555309474468231,
        3.377540111541748,
        6.152002811431885
    ]
}