{
    "view_matrix": [
        0.034899137914180756,
        0.1009947806596756,
        -0.9942747354507446,
        0.0,
        -0.9993908405303955,
        0.0035267791245132685,
        -0.03472048044204712,
        0.0,
        0.0,
        0.9948807954788208,
        0.10105633735656738,
        0.0,
        4.000894546508789,
        -5.313570022583008,
        -7.343255996704102,
        1.0
    ],
    "proj_matrix": [
        0.7499999403953552,
        0.0,
        0.0,
        0.0,
        0.0,
        1.0,
        0.0,
        0.0,
        0.0,
        0.0,
        -1.0000200271606445,
        -1.0,
        0.0,
        0.0,
        -0.02000020071864128,
        0.0
    ],
    "cam_forward": [
        0.9942747354507446,
        0.03472048044204712,
        -0.10105633735656738
    ],
    "cam_horiz": [
        930.6436767578125,
        -26650.423828125,
        0.0
    ],
    "cam_vert": [
        2019.8955078125,
        70.53557586669922,
        19897.61328125
    ],
    "cam_dist": 8.0,
    "cam_tgt": [
        1.0499999523162842,
        4.039999961853027,
        5.21999979019165
    ]
}