{
    "view_matrix": [
        0.9999753832817078,
        0.00653237896040082,
        -0.002560010179877281,
        0.0,
        -0.0070160976611077785,
        0.9310328960418701,
        -0.3648676574230194,
        0.0,
        0.0,
        0.3648766577243805,
        0.9310558438301086,
        0.0,
        0.19324269890785217,
        -5.776266574859619,
        -11.086654663085938,
        1.0
    ],
    "proj_matrix": [
        0.7499999403953552,
        0.0,
        0.0,
        0.0,
        0.0,
        1.0,
        0.0,
        0.0,
        0.0,
        0.0,
        -1.0000200271606445,
        -1.0,
        0.0,
        0.0,
        -0.02000020071864128,
        0.0
    ],
    "cam_forward": [
        0.002560010179877281,
        0.3648676574230194,
        -0.9310558438301086
    ],
    "cam_horiz": [
        26666.01171875,
        -187.095947265625,
        0.0
    ],
    "cam_vert": [
        130.6475830078125,
        18620.658203125,
        7297.53271484375
    ],
    "cam_dist": 5.600002288818359,
    "cam_tgt": [
        -0.1695510745048523,
        3.3773484230041504,
        7.216003894805908
    ]
}