{
    "view_matrix": [
        -0.013960206881165504,
        -0.08714740723371506,
        0.9960975646972656,
        0.0,
        0.9999024868011475,
        -0.0012167145032435656,
        0.013907084241509438,
        0.0,
        0.0,
        0.9961945414543152,
        0.08715590834617615,
        0.0,
        -3.2131266593933105,
        -4.990655899047852,
        -8.964221000671387,
        1.0
    ],
    "proj_matrix": [
        0.7499999403953552,
        0.0,
        0.0,
        0.0,
        0.0,
        1.0,
        0.0,
        0.0,
        0.0,
        0.0,
        -1.0000200271606445,
        -1.0,
        0.0,
        0.0,
        -0.02000020071864128,
        0.0
    ],
    "cam_forward": [
        -0.9960975646972656,
        -0.013907084241509438,
        -0.08715590834617615
    ],
    "cam_horiz": [
        -372.272216796875,
        26664.068359375,
        0.0
    ],
    "cam_vert": [
        -1742.9482421875,
        -24.33428955078125,
        19923.89453125
    ],
    "cam_dist": 7.40000057220459,
    "cam_tgt": [
        1.078337550163269,
        3.2284953594207764,
        5.107996463775635
    ]
}